{
  "hero": {
    "title": "Soluciones eléctricas integrales para countries y barrios.",
    "subtitle": "Servicios eléctricos profesionales para consorcios, countries, comercios y obras en Córdoba.",
    "text": "Impulsamos el funcionamiento seguro y confiable de countries, barrios cerrados, complejos premium y comercios, ofreciendo soluciones eléctricas integrales y un acompañamiento cercano para administradores y emprendedores."
  },
  "segments": [
    {
      "title": "Consorcios",
      "tagline": "Edificios y complejos de categoría.",
      "description": "Mantenimiento eléctrico integral de espacios comunes, tableros, iluminación, bombas y sistemas de respaldo para edificios y consorcios exigentes."
    },
    {
      "title": "Countries y barrios cerrados",
      "tagline": "Seguridad y continuidad para tu comunidad.",
      "description": "Soluciones para infraestructuras de mediana y baja tensión, alumbrado, portales de acceso, sistemas de seguridad y redes internas de distribución."
    },
    {
      "title": "Obras en construcción",
      "tagline": "Desde el pozo hasta la entrega.",
      "description": "Acompañamos a desarrollistas y estudios de arquitectura en la planificación y ejecución de instalaciones eléctricas para nuevos proyectos."
    },
    {
      "title": "Distribución de materiales eléctricos",
      "tagline": "Logística y abastecimiento confiable.",
      "description": "Provisión y coordinación de materiales eléctricos para obras, reformas y mantenimiento, alineados con la especificación técnica de cada proyecto."
    }
  ],
  "clients_title": "Nuestros clientes, nuestro respaldo.",
  "clients": [
    {
      "name": "MilNueveDiez",
      "location": "Villa Belgrano"
    },
    {
      "name": "Chateau Village",
      "location": "Villa Belgrano"
    },
    {
      "name": "Village Plaza",
      "location": "Villa Belgrano"
    },
    {
      "name": "Las piedras housing",
      "location": "Valle Escondido"
    },
    {
      "name": "Vistalba",
      "location": "Villa Belgrano"
    },
    {
      "name": "La Rosella",
      "location": "Valle Escondido"
    }
  ],
  "cards": {
    "title": "Tarjetas, cartelería y contacto QR para tu barrio.",
    "intro": "Desarrollamos piezas simples y claras para que todos tengan siempre a mano el teléfono de emergencias eléctricas y los datos de contacto de EMSEI.",
    "items": [
      {
        "title": "Tarjetas físicas",
        "text": "Diseños limpios para entregar a propietarios, inquilinos y proveedores con teléfonos, mail y dirección actualizados."
      },
      {
        "title": "Tarjetas digitales",
        "text": "Versiones optimizadas para compartir por WhatsApp o mail, listas para guardar en el celular o reenviar a nuevos vecinos."
      },
      {
        "title": "Contacto QR",
        "text": "Códigos QR que llevan directo a los teléfonos de contacto, ideal para cartelería en accesos, SUM y áreas de servicio."
      },
      {
        "title": "Soporte a medida",
        "text": "Adaptamos mensajes y formatos a la identidad de tu country o barrio, manteniendo siempre clara la información eléctrica clave."
      }
    ]
  },
  "about": {
    "mission": "Impulsar el funcionamiento seguro y confiable de countries, barrios cerrados, complejos premium y comercios, ofreciendo soluciones eléctricas y electromecánicas integrales con un servicio cercano y profesional.",
    "vision": "Ser una empresa de referencia en servicios eléctricos para comunidades, destacándonos por nuestra organización, capacidad de respuesta y excelencia técnica, convirtiéndonos en un socio estratégico para cada cliente.",
    "values": "Basamos nuestro trabajo en el compromiso, la innovación, la calidad y el trabajo en equipo. Sostenemos la seguridad como principio innegociable y construimos relaciones de confianza a partir de la transparencia y la organización."
  },
  "contact": {
    "phone_main": "351 2035158",
    "phone_secondary": "351 3482841",
    "email": "contacto@grupoemsei.com",
    "address": "Av. Sagrada Familia 1171"
  }
}